{"1":{"attr1":"atk","attr2":"def","attr3":"hp","attr4":"adddmg","icon":"mowangjiafa","id":1,"init1":5740.0,"init2":3190.0,"init3":19140.0,"init4":6000.0,"initial1":196.0,"initial2":109.0,"initial3":653.0,"initial4":300.0,"name":"魔王的假发","task1":0,"task2":0,"task3":0,"task4":0,"task5":0},"2":{"attr1":"atk","attr2":"def","attr3":"hp","attr4":"subdmg","icon":"mowangfanhe","id":2,"init1":6890.0,"init2":3830.0,"init3":22960.0,"init4":6000.0,"initial1":235.0,"initial2":0.0,"initial3":0.0,"initial4":0.0,"name":"魔王的食盆","task1":50007,"task2":50315,"task3":52602,"task4":50502,"task5":51401},"3":{"attr1":"atk","attr2":"def","attr3":"hp","attr4":"dodge","icon":"mowangpeizhibiao","id":3,"init1":7650.0,"init2":4250.0,"init3":25520.0,"init4":0.09999999999999999,"initial1":261.0,"initial2":0.0,"initial3":0.0,"initial4":0.0,"name":"魔王的配置表","task1":50008,"task2":50320,"task3":52603,"task4":50503,"task5":51402},"4":{"attr1":"atk","attr2":"def","attr3":"hp","attr4":"hit","icon":"mowangneiku","id":4,"init1":8420.0,"init2":4680.0,"init3":28070.0,"init4":0.2,"initial1":287.0,"initial2":160.0,"initial3":958.0,"initial4":0.0,"name":"魔王的内裤","task1":50009,"task2":50330,"task3":52604,"task4":50504,"task5":51403},"5":{"attr1":"atk","attr2":"def","attr3":"hp","attr4":"criticaldmg","icon":"mowangshouji","id":5,"init1":9570.0,"init2":5320.0,"init3":31890.0,"init4":0.19999999999999998,"initial1":287.0,"initial2":181.0,"initial3":1088.0,"initial4":0.0,"name":"魔王的手机","task1":50010,"task2":50340,"task3":52605,"task4":51002,"task5":51404}}